Model,Accuracy,Precision,Recall,F1-Score,ROC AUC,Log Loss
Logistic Regression (Val),0.8184615384615385,0.5806451612903226,0.28125,0.3789473684210526,0.8094019396551724,0.3912642191855954
Logistic Regression (Test),0.8207692307692308,0.6078431372549019,0.2431372549019607,0.3473389355742297,0.8158814147668636,0.3885829842596209
MLP (Val),0.8369230769230769,0.61,0.4765625,0.5350877192982456,0.8607070162835249,0.4596031183962443
MLP (Test),0.8538461538461538,0.6525821596244131,0.5450980392156862,0.594017094017094,0.8832310723332395,0.3781708274859303
NUTS Ensemble (Val),0.8215384615384616,0.5967741935483871,0.2890625,0.3894736842105263,0.8091924090038314,0.3913573342341992
NUTS Ensemble (Test),0.8215384615384616,0.6116504854368932,0.2470588235294117,0.3519553072625698,0.8157763392438315,0.3888109753367885
