{
  "val": {
    "overall": {
      "avg_correlation": 0.8877086506653572,
      "pairwise": {
        "member_001_vs_member_002": 0.8751199955468836,
        "member_001_vs_member_003": 0.8978472393090511,
        "member_001_vs_member_004": 0.8447336234198707,
        "member_001_vs_member_005": 0.880044661707391,
        "member_001_vs_member_006": 0.9379256142359877,
        "member_001_vs_member_007": 0.8765607938090484,
        "member_001_vs_member_008": 0.8940093018393251,
        "member_001_vs_member_009": 0.8800446617073912,
        "member_001_vs_member_010": 0.9009659194833334,
        "member_002_vs_member_003": 0.90726256711128,
        "member_002_vs_member_004": 0.8846237291240842,
        "member_002_vs_member_005": 0.9311066133322593,
        "member_002_vs_member_006": 0.8636362147913654,
        "member_002_vs_member_007": 0.8542704400770597,
        "member_002_vs_member_008": 0.8933263988431904,
        "member_002_vs_member_009": 0.9311066133322594,
        "member_002_vs_member_010": 0.8462974630550166,
        "member_003_vs_member_004": 0.8870422760234288,
        "member_003_vs_member_005": 0.891530628069722,
        "member_003_vs_member_006": 0.8870422760234284,
        "member_003_vs_member_007": 0.8671857427213788,
        "member_003_vs_member_008": 0.9649045612258547,
        "member_003_vs_member_009": 0.9019240369987224,
        "member_003_vs_member_010": 0.8499569923537228,
        "member_004_vs_member_005": 0.889561351383827,
        "member_004_vs_member_006": 0.8540754638315604,
        "member_004_vs_member_007": 0.8447336234198706,
        "member_004_vs_member_008": 0.893621579506131,
        "member_004_vs_member_009": 0.8790315058418785,
        "member_004_vs_member_010": 0.8474419692160324,
        "member_005_vs_member_006": 0.8790315058418783,
        "member_005_vs_member_007": 0.86958403281942,
        "member_005_vs_member_008": 0.9189550642355009,
        "member_005_vs_member_009": 0.9148991882691807,
        "member_005_vs_member_010": 0.8829863838701234,
        "member_006_vs_member_007": 0.8965069516510468,
        "member_006_vs_member_008": 0.9038134314621771,
        "member_006_vs_member_009": 0.8685016602999293,
        "member_006_vs_member_010": 0.9316807335516216,
        "member_007_vs_member_008": 0.8737595877160521,
        "member_007_vs_member_009": 0.8695840328194201,
        "member_007_vs_member_010": 0.9428084350352168,
        "member_008_vs_member_009": 0.9086589151722907,
        "member_008_vs_member_010": 0.86747431891945,
        "member_009_vs_member_010": 0.8617111809374188
      },
      "num_samples": 650
    },
    "y=0": {
      "avg_correlation": 0.7621186845894089,
      "pairwise": {
        "member_001_vs_member_002": 0.7754355533677523,
        "member_001_vs_member_003": 0.7629415184298876,
        "member_001_vs_member_004": 0.6531954550731027,
        "member_001_vs_member_005": 0.750661528160493,
        "member_001_vs_member_006": 0.7838292401290604,
        "member_001_vs_member_007": 0.7557461359842679,
        "member_001_vs_member_008": 0.7359412262277406,
        "member_001_vs_member_009": 0.7774851370469176,
        "member_001_vs_member_010": 0.774115572686562,
        "member_002_vs_member_003": 0.8236979199864332,
        "member_002_vs_member_004": 0.7676144303837567,
        "member_002_vs_member_005": 0.8562809507006925,
        "member_002_vs_member_006": 0.7521441680968179,
        "member_002_vs_member_007": 0.7734864446527584,
        "member_002_vs_member_008": 0.8285263780303527,
        "member_002_vs_member_009": 0.8395653610104958,
        "member_002_vs_member_010": 0.7076925635495848,
        "member_003_vs_member_004": 0.7960133545187775,
        "member_003_vs_member_005": 0.7741362848505893,
        "member_003_vs_member_006": 0.6922687319153706,
        "member_003_vs_member_007": 0.712027296231249,
        "member_003_vs_member_008": 0.9298546924906511,
        "member_003_vs_member_009": 0.7588935607847397,
        "member_003_vs_member_010": 0.6361393965030812,
        "member_004_vs_member_005": 0.7122423758988556,
        "member_004_vs_member_006": 0.6612102804527096,
        "member_004_vs_member_007": 0.6801480698236928,
        "member_004_vs_member_008": 0.7676144303837557,
        "member_004_vs_member_009": 0.6980913823019088,
        "member_004_vs_member_010": 0.6482557473050312,
        "member_005_vs_member_006": 0.7194525532215986,
        "member_005_vs_member_007": 0.7397976524808975,
        "member_005_vs_member_008": 0.8562809507006924,
        "member_005_vs_member_009": 0.8274191169828723,
        "member_005_vs_member_010": 0.7613869876268787,
        "member_006_vs_member_007": 0.760551493221253,
        "member_006_vs_member_008": 0.7521441680968178,
        "member_006_vs_member_009": 0.7498015962628497,
        "member_006_vs_member_010": 0.8329862466063044,
        "member_007_vs_member_008": 0.7302063584582318,
        "member_007_vs_member_009": 0.7709504464088514,
        "member_007_vs_member_010": 0.9149385466829797,
        "member_008_vs_member_009": 0.8395653610104957,
        "member_008_vs_member_010": 0.7076925635495848,
        "member_009_vs_member_010": 0.7469115782359992
      },
      "num_samples": 522
    },
    "y=1": {
      "avg_correlation": 0.8165710726261953,
      "pairwise": {
        "member_001_vs_member_002": 0.7977240352174656,
        "member_001_vs_member_003": 0.8427009716003843,
        "member_001_vs_member_004": 0.7545756577819136,
        "member_001_vs_member_005": 0.8023537936159425,
        "member_001_vs_member_006": 0.9370497847392766,
        "member_001_vs_member_007": 0.6982972487551756,
        "member_001_vs_member_008": 0.8601670493517982,
        "member_001_vs_member_009": 0.7877335708624545,
        "member_001_vs_member_010": 0.7879477634999259,
        "member_002_vs_member_003": 0.8643121965600913,
        "member_002_vs_member_004": 0.843167105092782,
        "member_002_vs_member_005": 0.9132653614523687,
        "member_002_vs_member_006": 0.7811029617956653,
        "member_002_vs_member_007": 0.7311261550139309,
        "member_002_vs_member_008": 0.8107255100633987,
        "member_002_vs_member_009": 0.9305486104546368,
        "member_002_vs_member_010": 0.7644707871564385,
        "member_003_vs_member_004": 0.7939672424717706,
        "member_003_vs_member_005": 0.8367431447860363,
        "member_003_vs_member_006": 0.8631677886190803,
        "member_003_vs_member_007": 0.7618400593644639,
        "member_003_vs_member_008": 0.9417135616130708,
        "member_003_vs_member_009": 0.8951213526806545,
        "member_003_vs_member_010": 0.7614258329108341,
        "member_004_vs_member_005": 0.8915293747485846,
        "member_004_vs_member_006": 0.7747593546365894,
        "member_004_vs_member_007": 0.7172416099333591,
        "member_004_vs_member_008": 0.850572528813342,
        "member_004_vs_member_009": 0.8749439566466071,
        "member_004_vs_member_010": 0.7556771559239855,
        "member_005_vs_member_006": 0.8234982445720063,
        "member_005_vs_member_007": 0.7708088877688262,
        "member_005_vs_member_008": 0.8560701971956203,
        "member_005_vs_member_009": 0.875348022998766,
        "member_005_vs_member_010": 0.8059633390746163,
        "member_006_vs_member_007": 0.7595666016850421,
        "member_006_vs_member_008": 0.8806014428043123,
        "member_006_vs_member_009": 0.7701069324317912,
        "member_006_vs_member_010": 0.8495578691633808,
        "member_007_vs_member_008": 0.7777563766034822,
        "member_007_vs_member_009": 0.7571877794400363,
        "member_007_vs_member_010": 0.822544347199478,
        "member_008_vs_member_009": 0.8405133372465253,
        "member_008_vs_member_010": 0.7777615358690126,
        "member_009_vs_member_010": 0.7524418279638676
      },
      "num_samples": 128
    }
  },
  "test": {
    "overall": {
      "avg_correlation": 0.9022325696728036,