{
  "val": {
    "overall": {
      "avg_correlation": 0.8968159671126701,
      "pairwise": {
        "member_001_vs_member_002": 0.8433832786489298,
        "member_001_vs_member_003": 0.8619152957622301,
        "member_001_vs_member_004": 0.8987111468754462,
        "member_001_vs_member_005": 0.8900726440308017,
        "member_001_vs_member_006": 0.9476596307424658,
        "member_001_vs_member_007": 0.8929354443208077,
        "member_001_vs_member_008": 0.8748829414216822,
        "member_001_vs_member_009": 0.9151118605999993,
        "member_001_vs_member_010": 0.9028297434539259,
        "member_002_vs_member_003": 0.8966561009337397,
        "member_002_vs_member_004": 0.8808404088784656,
        "member_002_vs_member_005": 0.8923533937709769,
        "member_002_vs_member_006": 0.8560351618963705,
        "member_002_vs_member_007": 0.8857945909500619,
        "member_002_vs_member_008": 0.908018867924528,
        "member_002_vs_member_009": 0.8863002646578525,
        "member_002_vs_member_010": 0.9140662806189878,
        "member_003_vs_member_004": 0.8894591546408563,
        "member_003_vs_member_005": 0.9325899334957846,
        "member_003_vs_member_006": 0.8645477809800448,
        "member_003_vs_member_007": 0.9472296656890679,
        "member_003_vs_member_008": 0.938079446037288,
        "member_003_vs_member_009": 0.9160532093503815,
        "member_003_vs_member_010": 0.8724212998202286,
        "member_004_vs_member_005": 0.8646952178119715,
        "member_004_vs_member_006": 0.890303414984898,
        "member_004_vs_member_007": 0.8887020381936379,
        "member_004_vs_member_008": 0.8808404088784658,
        "member_004_vs_member_009": 0.8894591546408562,
        "member_004_vs_member_010": 0.9082127815946303,
        "member_005_vs_member_006": 0.8916492969638222,
        "member_005_vs_member_007": 0.9323478061472459,
        "member_005_vs_member_008": 0.9231133216099977,
        "member_005_vs_member_009": 0.9118110126863967,
        "member_005_vs_member_010": 0.8884871765806261,
        "member_006_vs_member_007": 0.8952704406396313,
        "member_006_vs_member_008": 0.897183089811522,
        "member_006_vs_member_009": 0.8958185216854739,
        "member_006_vs_member_010": 0.9239021414248682,
        "member_007_vs_member_008": 0.8962213653817451,
        "member_007_vs_member_009": 0.9155339788180804,
        "member_007_vs_member_010": 0.8719781278726961,
        "member_008_vs_member_009": 0.9070119372096269,
        "member_008_vs_member_010": 0.9140662806189878,
        "member_009_vs_member_010": 0.8621634610140503
      },
      "num_samples": 650
    },
    "y=0": {
      "avg_correlation": 0.7674868440872661,
      "pairwise": {
        "member_001_vs_member_002": 0.6694775926954502,
        "member_001_vs_member_003": 0.7471906816414989,
        "member_001_vs_member_004": 0.7506346229268621,
        "member_001_vs_member_005": 0.8599540441697049,
        "member_001_vs_member_006": 0.9115162916372369,
        "member_001_vs_member_007": 0.8163516347014296,
        "member_001_vs_member_008": 0.7662586855251439,
        "member_001_vs_member_009": 0.8408978743519196,
        "member_001_vs_member_010": 0.7898395456987611,
        "member_002_vs_member_003": 0.6396655985138515,
        "member_002_vs_member_004": 0.7259396874066522,
        "member_002_vs_member_005": 0.6848962121155621,
        "member_002_vs_member_006": 0.6734411035045198,
        "member_002_vs_member_007": 0.57016647188661,
        "member_002_vs_member_008": 0.7846968728555895,
        "member_002_vs_member_009": 0.6823578732973066,
        "member_002_vs_member_010": 0.8208227579691,
        "member_003_vs_member_004": 0.7617674639800266,
        "member_003_vs_member_005": 0.8161992666967252,
        "member_003_vs_member_006": 0.7076872429411889,
        "member_003_vs_member_007": 0.8602411280725181,
        "member_003_vs_member_008": 0.8254203058555579,
        "member_003_vs_member_009": 0.8608550566567148,
        "member_003_vs_member_010": 0.6519761393620006,
        "member_004_vs_member_005": 0.7005372265072426,
        "member_004_vs_member_006": 0.7464851618857182,
        "member_004_vs_member_007": 0.7397976524808971,
        "member_004_vs_member_008": 0.7417503782140704,
        "member_004_vs_member_009": 0.7747590019450424,
        "member_004_vs_member_010": 0.8057308647092287,
        "member_005_vs_member_006": 0.8147993682071407,
        "member_005_vs_member_007": 0.8451823198278552,
        "member_005_vs_member_008": 0.8494070934652314,
        "member_005_vs_member_009": 0.8860592837647456,
        "member_005_vs_member_010": 0.7198671399776706,
        "member_006_vs_member_007": 0.7734864446527585,
        "member_006_vs_member_008": 0.7994087866334524,
        "member_006_vs_member_009": 0.7962737447937785,
        "member_006_vs_member_010": 0.8143029703042831,
        "member_007_vs_member_008": 0.7548414033930961,
        "member_007_vs_member_009": 0.8364816795150949,
        "member_007_vs_member_010": 0.6326034005388703,
        "member_008_vs_member_009": 0.8327003042993214,
        "member_008_vs_member_010": 0.7857929455526032,
        "member_009_vs_member_010": 0.6683866587969387
      },
      "num_samples": 522
    },
    "y=1": {
      "avg_correlation": 0.8410676458328468,
      "pairwise": {
        "member_001_vs_member_002": 0.7644707871564385,
        "member_001_vs_member_003": 0.7644707871564385,
        "member_001_vs_member_004": 0.8960537033436533,
        "member_001_vs_member_005": 0.7644707871564385,
        "member_001_vs_member_006": 0.9132653614523687,
        "member_001_vs_member_007": 0.8143450710459553,
        "member_001_vs_member_008": 0.7937340282555008,
        "member_001_vs_member_009": 0.8643121965600913,
        "member_001_vs_member_010": 0.8810356271024322,
        "member_002_vs_member_003": 0.869387755102041,
        "member_002_vs_member_004": 0.8206518066482897,
        "member_002_vs_member_005": 0.8258503401360545,
        "member_002_vs_member_006": 0.8059633390746163,
        "member_002_vs_member_007": 0.8965937003064074,
        "member_002_vs_member_008": 0.8364518967662509,
        "member_002_vs_member_009": 0.8434649798911259,
        "member_002_vs_member_010": 0.8676956568381295,
        "member_003_vs_member_004": 0.8206518066482897,
        "member_003_vs_member_005": 0.869387755102041,
        "member_003_vs_member_006": 0.8059633390746163,
        "member_003_vs_member_007": 0.8965937003064074,
        "member_003_vs_member_008": 0.9199665947273118,
        "member_003_vs_member_009": 0.80244540640098,
        "member_003_vs_member_010": 0.8676956568381295,
        "member_004_vs_member_005": 0.7808626281441303,
        "member_004_vs_member_006": 0.873731645473516,
        "member_004_vs_member_007": 0.8356595052755821,
        "member_004_vs_member_008": 0.8157204985366298,
        "member_004_vs_member_009": 0.8153662578175231,
        "member_004_vs_member_010": 0.8714216886076219,
        "member_005_vs_member_006": 0.8059633390746163,
        "member_005_vs_member_007": 0.8544320567945703,
        "member_005_vs_member_008": 0.8364518967662509,
        "member_005_vs_member_009": 0.7614258329108341,
        "member_005_vs_member_010": 0.8676956568381295,
        "member_006_vs_member_007": 0.8585446084349125,
        "member_006_vs_member_008": 0.8381688094868971,
        "member_006_vs_member_009": 0.8367431447860363,
        "member_006_vs_member_010": 0.9288548729303717,
        "member_007_vs_member_008": 0.8182341590934085,
        "member_007_vs_member_009": 0.8230184727095687,
        "member_007_vs_member_010": 0.8849067711269415,
        "member_008_vs_member_009": 0.8040613565334853,
        "member_008_vs_member_010": 0.9041619012469176,
        "member_009_vs_member_010": 0.8276968768001536
      },
      "num_samples": 128
    }
  },
  "test": {
    "overall": {
      "avg_correlation": 0.9104761261400641,