{
  "val": {
    "avg_disagreement": 0.030598290598290605,
    "avg_q_statistic": 0.9957259938305862,
    "avg_correlation": 0.8234828661362854,
    "pairwise_disagreements": {
      "member_001_vs_member_002": 0.046153846153846156,
      "member_001_vs_member_003": 0.04,
      "member_001_vs_member_004": 0.02923076923076923,
      "member_001_vs_member_005": 0.03230769230769231,
      "member_001_vs_member_006": 0.015384615384615385,
      "member_001_vs_member_007": 0.03076923076923077,
      "member_001_vs_member_008": 0.036923076923076927,
      "member_001_vs_member_009": 0.024615384615384615,
      "member_001_vs_member_010": 0.02923076923076923,
      "member_002_vs_member_003": 0.03076923076923077,
      "member_002_vs_member_004": 0.03538461538461538,
      "member_002_vs_member_005": 0.03230769230769231,
      "member_002_vs_member_006": 0.043076923076923075,
      "member_002_vs_member_007": 0.033846153846153845,
      "member_002_vs_member_008": 0.027692307692307693,
      "member_002_vs_member_009": 0.033846153846153845,
      "member_002_vs_member_010": 0.026153846153846153,
      "member_003_vs_member_004": 0.03230769230769231,
      "member_003_vs_member_005": 0.02,
      "member_003_vs_member_006": 0.04,
      "member_003_vs_member_007": 0.015384615384615385,
      "member_003_vs_member_008": 0.018461538461538463,
      "member_003_vs_member_009": 0.024615384615384615,
      "member_003_vs_member_010": 0.038461538461538464,
      "member_004_vs_member_005": 0.04,
      "member_004_vs_member_006": 0.03230769230769231,
      "member_004_vs_member_007": 0.03230769230769231,
      "member_004_vs_member_008": 0.03538461538461538,
      "member_004_vs_member_009": 0.03230769230769231,
      "member_004_vs_member_010": 0.027692307692307693,
      "member_005_vs_member_006": 0.03230769230769231,
      "member_005_vs_member_007": 0.02,
      "member_005_vs_member_008": 0.023076923076923078,
      "member_005_vs_member_009": 0.026153846153846153,
      "member_005_vs_member_010": 0.033846153846153845,
      "member_006_vs_member_007": 0.03076923076923077,
      "member_006_vs_member_008": 0.03076923076923077,
      "member_006_vs_member_009": 0.03076923076923077,
      "member_006_vs_member_010": 0.023076923076923078,
      "member_007_vs_member_008": 0.03076923076923077,
      "member_007_vs_member_009": 0.024615384615384615,
      "member_007_vs_member_010": 0.038461538461538464,
      "member_008_vs_member_009": 0.027692307692307693,
      "member_008_vs_member_010": 0.026153846153846153,
      "member_009_vs_member_010": 0.04153846153846154
    },
    "pairwise_q_stats": {
      "member_001_vs_member_002": 0.9907599053814311,
      "member_001_vs_member_003": 0.9981579722959033,
      "member_001_vs_member_004": 0.9951083158630328,
      "member_001_vs_member_005": 1.0,
      "member_001_vs_member_006": 0.9986984589754269,
      "member_001_vs_member_007": 1.0,
      "member_001_vs_member_008": 0.9930313588850174,
      "member_001_vs_member_009": 0.9983251585117837,
      "member_001_vs_member_010": 0.9949509438292501,
      "member_002_vs_member_003": 0.9918973666441594,
      "member_002_vs_member_004": 0.994545715516004,
      "member_002_vs_member_005": 0.9909158477165745,
      "member_002_vs_member_006": 0.9930555555555556,
      "member_002_vs_member_007": 0.9899950388622457,
      "member_002_vs_member_008": 0.9952830188679245,
      "member_002_vs_member_009": 0.9920273348519362,
      "member_002_vs_member_010": 1.0,
      "member_003_vs_member_004": 0.9985387594067363,
      "member_003_vs_member_005": 0.9968728011883355,
      "member_003_vs_member_006": 0.9981579722959033,
      "member_003_vs_member_007": 0.9984326018808778,
      "member_003_vs_member_008": 1.0,
      "member_003_vs_member_009": 0.9979317476732161,
      "member_003_vs_member_010": 0.996551724137931,
      "member_004_vs_member_005": 0.9921327688907204,
      "member_004_vs_member_006": 0.9938341139503172,
      "member_004_vs_member_007": 0.9962070660953852,
      "member_004_vs_member_008": 0.9920053297801465,
      "member_004_vs_member_009": 0.9936002089727682,
      "member_004_vs_member_010": 0.9952784253548559,
      "member_005_vs_member_006": 1.0,
      "member_005_vs_member_007": 0.9968518102091297,
      "member_005_vs_member_008": 0.9974478945129732,
      "member_005_vs_member_009": 0.9962310647242154,
      "member_005_vs_member_010": 0.9971841892224842,
      "member_006_vs_member_007": 1.0,
      "member_006_vs_member_008": 0.9960258320914058,
      "member_006_vs_member_009": 0.9960258320914058,
      "member_006_vs_member_010": 0.9970074812967581,
      "member_007_vs_member_008": 0.9937657711147395,
      "member_007_vs_member_009": 0.9965928449744463,
      "member_007_vs_member_010": 0.9939524838012959,
      "member_008_vs_member_009": 0.9945476575121163,
      "member_008_vs_member_010": 0.9967865529600791,
      "member_009_vs_member_010": 0.9889547964818981
    },
    "pairwise_correlations": {
      "member_001_vs_member_002": 0.7451600823318538,
      "member_001_vs_member_003": 0.7813112806217363,
      "member_001_vs_member_004": 0.8476555011333425,
      "member_001_vs_member_005": 0.8267407563689583,
      "member_001_vs_member_006": 0.9219050365244139,
      "member_001_vs_member_007": 0.8355044182110791,
      "member_001_vs_member_008": 0.8019306581507367,
      "member_001_vs_member_009": 0.8696700899633408,
      "member_001_vs_member_010": 0.8491049152558681,
      "member_002_vs_member_003": 0.7840985492473956,
      "member_002_vs_member_004": 0.79525536951702,
      "member_002_vs_member_005": 0.7786177247537288,
      "member_002_vs_member_006": 0.763228949507699,
      "member_002_vs_member_007": 0.7700668896321075,
      "member_002_vs_member_008": 0.8267456390912103,
      "member_002_vs_member_009": 0.7875633813143762,
      "member_002_vs_member_010": 0.8556863431377092,
      "member_003_vs_member_004": 0.8136031980998288,
      "member_003_vs_member_005": 0.8583351104865728,
      "member_003_vs_member_006": 0.7813112806217364,
      "member_003_vs_member_007": 0.8925192557251863,
      "member_003_vs_member_008": 0.8854677612122179,
      "member_003_vs_member_009": 0.8448212891226747,
      "member_003_vs_member_010": 0.7811855372377954,
      "member_004_vs_member_005": 0.7666497573509112,
      "member_004_vs_member_006": 0.8315337760708233,
      "member_004_vs_member_007": 0.813905823773986,
      "member_004_vs_member_008": 0.800850375738221,
      "member_004_vs_member_009": 0.8183303201381479,
      "member_004_vs_member_010": 0.8523018327569588,
      "member_005_vs_member_006": 0.8267407563689584,
      "member_005_vs_member_007": 0.8629750080423239,
      "member_005_vs_member_008": 0.8557047895765373,
      "member_005_vs_member_009": 0.8359390428379183,
      "member_005_vs_member_010": 0.8095632650524427,
      "member_006_vs_member_007": 0.8355044182110793,
      "member_006_vs_member_008": 0.8358003740570383,
      "member_006_vs_member_009": 0.8358003740570397,
      "member_006_vs_member_010": 0.8809322720932083,
      "member_007_vs_member_008": 0.8071545102027919,
      "member_007_vs_member_009": 0.8463367679796272,
      "member_007_vs_member_010": 0.7820472430397992,
      "member_008_vs_member_009": 0.8347457627118636,
      "member_008_vs_member_010": 0.8563476701295252,
      "member_009_vs_member_010": 0.7700758186750628
    }
  },
  "test": {
    "avg_disagreement": 0.02629059829059829,
    "avg_q_statistic": 0.9961132637750161,
    "avg_correlation": 0.8274640686962239,
    "pairwise_disagreements": {
      "member_001_vs_member_002": 0.03923076923076923,
      "member_001_vs_member_003": 0.033846153846153845,
      "member_001_vs_member_004": 0.03,
      "member_001_vs_member_005": 0.026153846153846153,
      "member_001_vs_member_006": 0.018461538461538463,
      "member_001_vs_member_007": 0.027692307692307693,
      "member_001_vs_member_008": 0.03076923076923077,