{
  "val": {
    "avg_disagreement": 0.033299145299145294,
    "avg_q_statistic": 0.9949902599800776,
    "avg_correlation": 0.8093099219871631,
    "pairwise_disagreements": {
      "member_001_vs_member_002": 0.036923076923076927,
      "member_001_vs_member_003": 0.03076923076923077,
      "member_001_vs_member_004": 0.046153846153846156,
      "member_001_vs_member_005": 0.03538461538461538,
      "member_001_vs_member_006": 0.018461538461538463,
      "member_001_vs_member_007": 0.036923076923076927,
      "member_001_vs_member_008": 0.03230769230769231,
      "member_001_vs_member_009": 0.03538461538461538,
      "member_001_vs_member_010": 0.02923076923076923,
      "member_002_vs_member_003": 0.027692307692307693,
      "member_002_vs_member_004": 0.033846153846153845,
      "member_002_vs_member_005": 0.02,
      "member_002_vs_member_006": 0.04,
      "member_002_vs_member_007": 0.043076923076923075,
      "member_002_vs_member_008": 0.03230769230769231,
      "member_002_vs_member_009": 0.02,
      "member_002_vs_member_010": 0.04461538461538461,
      "member_003_vs_member_004": 0.033846153846153845,
      "member_003_vs_member_005": 0.03230769230769231,
      "member_003_vs_member_006": 0.033846153846153845,
      "member_003_vs_member_007": 0.04,
      "member_003_vs_member_008": 0.010769230769230769,
      "member_003_vs_member_009": 0.02923076923076923,
      "member_003_vs_member_010": 0.04461538461538461,
      "member_004_vs_member_005": 0.03230769230769231,
      "member_004_vs_member_006": 0.043076923076923075,
      "member_004_vs_member_007": 0.046153846153846156,
      "member_004_vs_member_008": 0.03230769230769231,
      "member_004_vs_member_009": 0.03538461538461538,
      "member_004_vs_member_010": 0.04461538461538461,
      "member_005_vs_member_006": 0.03538461538461538,
      "member_005_vs_member_007": 0.038461538461538464,
      "member_005_vs_member_008": 0.024615384615384615,
      "member_005_vs_member_009": 0.024615384615384615,
      "member_005_vs_member_010": 0.033846153846153845,
      "member_006_vs_member_007": 0.03076923076923077,
      "member_006_vs_member_008": 0.02923076923076923,
      "member_006_vs_member_009": 0.038461538461538464,
      "member_006_vs_member_010": 0.02,
      "member_007_vs_member_008": 0.038461538461538464,
      "member_007_vs_member_009": 0.038461538461538464,
      "member_007_vs_member_010": 0.016923076923076923,
      "member_008_vs_member_009": 0.027692307692307693,
      "member_008_vs_member_010": 0.04,
      "member_009_vs_member_010": 0.04
    },
    "pairwise_q_stats": {
      "member_001_vs_member_002": 0.9971065005096504,
      "member_001_vs_member_003": 0.9948409286328461,
      "member_001_vs_member_004": 0.9857857330876546,
      "member_001_vs_member_005": 0.9937802349689012,
      "member_001_vs_member_006": 0.9976985867884498,
      "member_001_vs_member_007": 0.9888797185178749,
      "member_001_vs_member_008": 0.9944884602135722,
      "member_001_vs_member_009": 0.9948390601656933,
      "member_001_vs_member_010": 0.9942291838417148,
      "member_002_vs_member_003": 0.9967896351076332,
      "member_002_vs_member_004": 0.9938569548047389,
      "member_002_vs_member_005": 0.9983875302338081,
      "member_002_vs_member_006": 0.9982593559617058,
      "member_002_vs_member_007": 1.0,
      "member_002_vs_member_008": 0.9947414548641542,
      "member_002_vs_member_009": 0.998091299506919,
      "member_002_vs_member_010": 1.0,
      "member_003_vs_member_004": 0.9924134660976767,
      "member_003_vs_member_005": 0.9932910920611256,
      "member_003_vs_member_006": 0.9947404945396107,
      "member_003_vs_member_007": 0.9929799369789797,
      "member_003_vs_member_008": 0.9993339623688738,
      "member_003_vs_member_009": 0.9949576805330452,
      "member_003_vs_member_010": 0.9899581589958159,
      "member_004_vs_member_005": 0.9932750504371217,
      "member_004_vs_member_006": 0.9898838947005403,
      "member_004_vs_member_007": 0.9897545182574484,
      "member_004_vs_member_008": 0.9931672774706504,
      "member_004_vs_member_009": 0.9920294297976702,
      "member_004_vs_member_010": 0.9918093209927102,
      "member_005_vs_member_006": 0.99569151227919,
      "member_005_vs_member_007": 0.9964812973303756,
      "member_005_vs_member_008": 0.9962928092267859,
      "member_005_vs_member_009": 0.996401644962303,
      "member_005_vs_member_010": 1.0,
      "member_006_vs_member_007": 0.9917044718081659,
      "member_006_vs_member_008": 0.9976183804987392,
      "member_006_vs_member_009": 0.9952452993300195,
      "member_006_vs_member_010": 0.9971229920882282,
      "member_007_vs_member_008": 0.9948497854077253,
      "member_007_vs_member_009": 0.9981994148098132,
      "member_007_vs_member_010": 0.997555809027212,
      "member_008_vs_member_009": 0.9954550820446229,
      "member_008_vs_member_010": 0.9944914577678429,
      "member_009_vs_member_010": 0.9980828220858896
    },
    "pairwise_correlations": {
      "member_001_vs_member_002": 0.8072283906911849,
      "member_001_vs_member_003": 0.8199718226871275,
      "member_001_vs_member_004": 0.7332268427699029,
      "member_001_vs_member_005": 0.7991588355788188,
      "member_001_vs_member_006": 0.8774985394842332,
      "member_001_vs_member_007": 0.7475155682537993,
      "member_001_vs_member_008": 0.8128839803946237,
      "member_001_vs_member_009": 0.8038310464005475,
      "member_001_vs_member_010": 0.7999080929231905,
      "member_002_vs_member_003": 0.8587524186784837,
      "member_002_vs_member_004": 0.827795826780402,
      "member_002_vs_member_005": 0.8992455873296641,
      "member_002_vs_member_006": 0.7900241608856723,
      "member_002_vs_member_007": 0.7730250429130329,
      "member_002_vs_member_008": 0.8351686253301936,
      "member_002_vs_member_009": 0.8997822253836182,
      "member_002_vs_member_010": 0.7641238183128608,
      "member_003_vs_member_004": 0.8146183660821519,
      "member_003_vs_member_005": 0.824380858755827,
      "member_003_vs_member_006": 0.7990873746680329,
      "member_003_vs_member_007": 0.7583504245082553,
      "member_003_vs_member_008": 0.9406111415887082,
      "member_003_vs_member_009": 0.8436958338752913,
      "member_003_vs_member_010": 0.7279184776954907,
      "member_004_vs_member_005": 0.8264480298975899,
      "member_004_vs_member_006": 0.7478330695784484,
      "member_004_vs_member_007": 0.7258649969971418,
      "member_004_vs_member_008": 0.82414044556252,
      "member_004_vs_member_009": 0.812594385713418,
      "member_004_vs_member_010": 0.735138573056961,
      "member_005_vs_member_006": 0.7975662052261061,
      "member_005_vs_member_007": 0.777948548973903,
      "member_005_vs_member_008": 0.8669983388371149,
      "member_005_vs_member_009": 0.87040625629457,
      "member_005_vs_member_010": 0.8073604715664049,
      "member_006_vs_member_007": 0.7800696341448539,
      "member_006_vs_member_008": 0.8300879061752122,
      "member_006_vs_member_009": 0.7845477276952197,
      "member_006_vs_member_010": 0.8565333677976051,
      "member_007_vs_member_008": 0.7714719504911557,
      "member_007_vs_member_009": 0.7844662662582114,
      "member_007_vs_member_010": 0.8726665840906513,
      "member_008_vs_member_009": 0.8526581215782512,
      "member_008_vs_member_010": 0.7613207795687172,
      "member_009_vs_member_010": 0.7750215279471638
    }
  },
  "test": {
    "avg_disagreement": 0.028854700854700845,
    "avg_q_statistic": 0.9949933025939776,
    "avg_correlation": 0.8105261221526011,
    "pairwise_disagreements": {
      "member_001_vs_member_002": 0.03230769230769231,
      "member_001_vs_member_003": 0.021538461538461538,
      "member_001_vs_member_004": 0.036153846153846154,
      "member_001_vs_member_005": 0.026923076923076925,
      "member_001_vs_member_006": 0.02,
      "member_001_vs_member_007": 0.031538461538461536,
      "member_001_vs_member_008": 0.023076923076923078,