{
  "experiment": "baseline_wine",
  "best_model": "mlp",
  "val_scores": {
    "accuracy": 0.76,
    "precision": 0.8014184397163121,
    "recall": 0.8248175182481752,
    "f1": 0.8129496402877698,
    "roc_auc": 0.8278410652658584,
    "log_loss": 0.5491301021241612
  },
  "test_scores": {
    "accuracy": 0.7830769230769231,
    "precision": 0.8141695702671312,
    "recall": 0.8517618469015796,
    "f1": 0.832541567695962,
    "roc_auc": 0.8461679543318277,
    "log_loss": 0.5173220318103615
  }
}