{
  "experiment": "baseline_wine",
  "best_model": "mlp",
  "val_scores": {
    "accuracy": 0.8369230769230769,
    "precision": 0.61,
    "recall": 0.4765625,
    "f1": 0.5350877192982456,
    "roc_auc": 0.8607070162835249,
    "log_loss": 0.4596031183962443
  },
  "test_scores": {
    "accuracy": 0.8538461538461538,
    "precision": 0.6525821596244131,
    "recall": 0.5450980392156862,
    "f1": 0.594017094017094,
    "roc_auc": 0.8832310723332395,
    "log_loss": 0.3781708274859303
  }
}